Date,Close
12/15/2010,27.25
12/16/2010,27.35
12/17/2010,28.07
12/20/2010,28.53
12/21/2010,29.75
12/22/2010,29.08
12/23/2010,30.81
12/27/2010,30.99
12/28/2010,31.06
12/29/2010,31
12/30/2010,30.8
12/31/2010,30.92
1/3/2011,30.47
1/4/2011,29.98
1/5/2011,30.4
1/6/2011,30.03
1/7/2011,29.99
1/10/2011,30
1/11/2011,31.14
1/12/2011,30.94
1/13/2011,30.2
1/14/2011,30.25
1/18/2011,30.23
1/19/2011,30.19
1/20/2011,30.05
1/21/2011,30.5
1/24/2011,31.57
1/25/2011,31.05
1/26/2011,31.3
1/27/2011,30.2
1/28/2011,29.98
1/31/2011,30
2/1/2011,30.04
2/2/2011,30
2/3/2011,30
2/4/2011,29.99
2/7/2011,30.51
2/8/2011,31.16
2/9/2011,31.28
2/10/2011,31.27
2/11/2011,31.51
2/14/2011,31
2/15/2011,31
2/16/2011,31.48
2/17/2011,32.5
2/18/2011,33.51
2/22/2011,31.96
2/23/2011,32
2/24/2011,32.49
2/25/2011,32.06
2/28/2011,31.99
3/1/2011,30.7
3/2/2011,30.07
3/3/2011,30.7
3/4/2011,30.75
3/7/2011,30.36
3/8/2011,30.44
3/9/2011,30.17
3/10/2011,30.25
3/11/2011,30.51
3/14/2011,31.33
3/15/2011,31.55
3/16/2011,31.43
3/17/2011,31.35
3/18/2011,31.58
3/21/2011,33.15
3/22/2011,32.73
3/23/2011,33.31
3/24/2011,33.17
3/25/2011,33.09
3/28/2011,34.4
3/29/2011,32.7
3/30/2011,32.47
3/31/2011,32.66
4/1/2011,34.08
4/4/2011,34
4/5/2011,33.82
4/6/2011,32.79
4/7/2011,33.33
4/8/2011,33.09
4/11/2011,33.37
4/12/2011,33.29
4/13/2011,33.49
4/14/2011,33.67
4/15/2011,34.26
4/18/2011,33.76
4/19/2011,34.22
4/20/2011,34.82
4/21/2011,34.64
4/25/2011,34.29
4/26/2011,34.63
4/27/2011,34.81
4/28/2011,36.79
4/29/2011,37.51
5/2/2011,36.13
5/3/2011,34.12
5/4/2011,34.09
5/5/2011,34.72
5/6/2011,33.18
5/9/2011,33.12
5/10/2011,33.78
5/11/2011,33.39
5/12/2011,33.61
5/13/2011,35.38
5/16/2011,35.15
5/17/2011,34.07
5/18/2011,35
5/19/2011,36
5/20/2011,35.5
5/23/2011,34.87
5/24/2011,34.34
5/25/2011,33.72
5/26/2011,33.69
5/27/2011,33.37
5/31/2011,33.74
6/1/2011,33
6/2/2011,32.91
6/3/2011,31.79
6/6/2011,31.08
6/7/2011,30.62
6/8/2011,30
6/9/2011,30.04
6/10/2011,29.16
6/13/2011,30.01
6/14/2011,30.16
6/15/2011,30.09
6/16/2011,30.07
6/17/2011,30.23
6/20/2011,30
6/21/2011,30.35
6/22/2011,30.1
6/23/2011,30.16
6/24/2011,30.04
6/27/2011,29.93
6/28/2011,29.87
6/29/2011,29.53
6/30/2011,29.64
7/1/2011,29.7
7/5/2011,29.53
7/6/2011,30.1
7/7/2011,29.7
7/8/2011,29.8
7/11/2011,29.98
7/12/2011,30
7/13/2011,30.15
7/14/2011,29.91
7/15/2011,29.62
7/18/2011,29.51
7/19/2011,29.72
7/20/2011,29.55
7/21/2011,29.51
7/22/2011,29.39
7/25/2011,29.16
7/26/2011,29.33
7/27/2011,29.3
7/28/2011,29.48
7/29/2011,29.64
8/1/2011,29.62
8/2/2011,29.19
8/3/2011,29.11
8/4/2011,28.4
8/5/2011,30.01
8/8/2011,26.97
8/9/2011,28.86
8/10/2011,28.42
8/11/2011,27.45
8/12/2011,26.96
8/15/2011,27.01
8/16/2011,26.29
8/17/2011,27
8/18/2011,25.58
8/19/2011,25.26
8/22/2011,25.25
8/23/2011,26.82
8/24/2011,27.88
8/25/2011,27.91
8/26/2011,28
8/29/2011,28.47
8/30/2011,28.07
8/31/2011,28.41
9/1/2011,28.26
9/2/2011,27.89
9/6/2011,27.81
9/7/2011,28.03
9/8/2011,27.8
9/9/2011,27.68
9/12/2011,27.88
9/13/2011,28.02
9/14/2011,28.42
9/15/2011,28.85
9/16/2011,29.1
9/19/2011,28.22
9/20/2011,27.85
9/21/2011,26.75
9/22/2011,26.24
9/23/2011,26.61
9/26/2011,26.22
9/27/2011,27.06
9/28/2011,26.81
9/29/2011,26.24
9/30/2011,26.26
10/3/2011,25.78
10/4/2011,27.3
10/5/2011,27.75
10/6/2011,28.03
10/7/2011,27.8
10/10/2011,28.01
10/11/2011,28
10/12/2011,28.22
10/13/2011,28.11
10/14/2011,28.08
10/17/2011,27.26
10/18/2011,27.72
10/19/2011,27.9
10/20/2011,27.73
10/21/2011,27.75
10/24/2011,28.05
10/25/2011,27.94
10/26/2011,28
10/27/2011,28.22
10/28/2011,28.19
10/31/2011,27.96
11/1/2011,27.3
11/2/2011,27.83
11/3/2011,28.27
11/4/2011,27.97
11/7/2011,28.05
11/8/2011,27.85
11/9/2011,26.91
11/10/2011,28.43
11/11/2011,29.55
11/14/2011,28.74
11/15/2011,28.97
11/16/2011,28.81
11/17/2011,28.16
11/18/2011,28.23
11/21/2011,27.9
11/22/2011,27.75
11/23/2011,27.19
11/25/2011,26.98
11/28/2011,27.37
11/29/2011,27.73
11/30/2011,28.4
12/1/2011,28.41
12/2/2011,28.68
12/5/2011,28.95
12/6/2011,28.94
12/7/2011,28.91
12/8/2011,28.74
12/9/2011,29.26
12/12/2011,28.93
12/13/2011,29.41
12/14/2011,29.96
12/15/2011,28.44
12/16/2011,29.16
12/19/2011,28.52
12/20/2011,29.5
12/21/2011,29.48
12/22/2011,29.52
12/23/2011,29.49
12/27/2011,29.63
12/28/2011,29.44
12/29/2011,29.68
12/30/2011,29.87
1/3/2012,30.56
1/4/2012,30.55
1/5/2012,31.15
1/6/2012,31.18
1/9/2012,31.57
1/10/2012,32.02
1/11/2012,32.4
1/12/2012,32.53
1/13/2012,32.32
1/17/2012,32.55
1/18/2012,32.77
1/19/2012,33.24
1/20/2012,33.2
1/23/2012,33.52
1/24/2012,33.66
1/25/2012,33.97
1/26/2012,33.76
1/27/2012,34.11
1/30/2012,33.82
1/31/2012,33.99
2/1/2012,34.35
2/2/2012,34.47
2/3/2012,34.74
2/6/2012,35.23
2/7/2012,35.21
2/8/2012,35.74
2/9/2012,36.75
2/10/2012,36.49
2/13/2012,35.4
2/14/2012,36.14
2/15/2012,36.14
2/16/2012,36.42
2/17/2012,36.66
2/21/2012,36.2
2/22/2012,36.57
2/23/2012,37.17
2/24/2012,37.4
2/27/2012,36.98
2/28/2012,36.99
2/29/2012,37.03
3/1/2012,37.5
3/2/2012,36.95
3/5/2012,37.12
3/6/2012,35.89
3/7/2012,36.47
3/8/2012,36.87
3/9/2012,37.24
3/12/2012,37.2
3/13/2012,37.7
3/14/2012,37
3/15/2012,38.59
3/16/2012,38.61
3/19/2012,38.63
3/20/2012,38.74
3/21/2012,38.96
3/22/2012,39.03
3/23/2012,39.41
3/26/2012,39.73
3/27/2012,39.9
3/28/2012,39.63
3/29/2012,39.53
3/30/2012,38.77
4/2/2012,38.96
4/3/2012,39.22
4/4/2012,39.18
4/5/2012,39.25
4/9/2012,38.71
4/10/2012,37.86
4/11/2012,38.35
4/12/2012,38.7
4/13/2012,38.55
4/16/2012,38.08
4/17/2012,39.12
4/18/2012,38.67
4/19/2012,38.49
4/20/2012,38.62
4/23/2012,38.63
4/24/2012,39.07
4/25/2012,40.07
4/26/2012,40
4/27/2012,40.08
4/30/2012,39.55
5/1/2012,40.79
5/2/2012,40.47
5/3/2012,40.65
5/4/2012,40.27
5/7/2012,40.26
5/8/2012,40.55
5/9/2012,40.87
5/10/2012,39.53
5/11/2012,39.68
5/14/2012,39.34
5/15/2012,39.21
5/16/2012,39.01
5/17/2012,38.99
5/18/2012,37.74
5/21/2012,38
5/22/2012,37.64
5/23/2012,37.64
5/24/2012,38.54
5/25/2012,38.46
5/29/2012,38.69
5/30/2012,38.2
5/31/2012,37.9
6/1/2012,36.21
6/4/2012,36.68
6/5/2012,37.03
6/6/2012,38.54
6/7/2012,38.6
6/8/2012,36.67
6/11/2012,36.58
6/12/2012,36.99
6/13/2012,37.23
6/14/2012,37.28
6/15/2012,37.45
6/18/2012,37.93
6/19/2012,38.23
6/20/2012,37.59
6/21/2012,36.46
6/22/2012,35
6/25/2012,34.43
6/26/2012,34.39
6/27/2012,34.09
6/28/2012,34.01
6/29/2012,35.04
7/2/2012,34.95
7/3/2012,35.6
7/5/2012,35.29
7/6/2012,34.84
7/9/2012,35.37
7/10/2012,35.29
7/11/2012,35.68
7/12/2012,36.14
7/13/2012,36.47
7/16/2012,35.96
7/17/2012,36.44
7/18/2012,36.28
7/19/2012,36.34
7/20/2012,36.01
7/23/2012,35.48
7/24/2012,35.47
7/25/2012,35.77
7/26/2012,36.52
7/27/2012,37.27
7/30/2012,36.98
7/31/2012,36.92
8/1/2012,36.39
8/2/2012,35.78
8/3/2012,36.07
8/6/2012,35.99
8/7/2012,36.56
8/8/2012,36.7
8/9/2012,40.08
8/10/2012,40.65
8/13/2012,39.99
8/14/2012,40.71
8/15/2012,41.96
8/16/2012,42.78
8/17/2012,42.54
8/20/2012,43.44
8/21/2012,43.39
8/22/2012,43.17
8/23/2012,42.77
8/24/2012,42.77
8/27/2012,43.1
8/28/2012,42.99
8/29/2012,43.34
8/30/2012,42.87
8/31/2012,43.18
9/4/2012,43.06
9/5/2012,42.99
9/6/2012,44.46
9/7/2012,44.12
9/10/2012,44.02
9/11/2012,43.8
9/12/2012,43.97
9/13/2012,44.25
9/14/2012,44.63
9/17/2012,43.8
9/18/2012,43.96
9/19/2012,44.61
9/20/2012,43.96
9/21/2012,45.6
9/24/2012,45.22
9/25/2012,43.97
9/26/2012,43.98
9/27/2012,44.39
9/28/2012,44.8
10/1/2012,44.38
10/2/2012,44.8
10/3/2012,45.24
10/4/2012,45.54
10/5/2012,45.65
10/8/2012,45.31
10/9/2012,45.64
10/10/2012,45.66
10/11/2012,46
10/12/2012,45.6
10/15/2012,45.84
10/16/2012,45.82
10/17/2012,46.32
10/18/2012,47.2
10/19/2012,47.07
10/22/2012,47.52
10/23/2012,46.7
10/24/2012,46.6
10/25/2012,46.32
10/26/2012,46.64
10/31/2012,47.41
11/1/2012,47.63
11/2/2012,47.42
11/5/2012,47.21
11/6/2012,47.53
11/7/2012,46.22
11/8/2012,46.14
11/9/2012,47.88
11/12/2012,48.64
11/13/2012,48.52
11/14/2012,48.31
11/15/2012,48.47
11/16/2012,48.65
11/19/2012,49.47
11/20/2012,50.55
11/21/2012,51.12
11/23/2012,51.71
11/26/2012,51.2
11/27/2012,52.7
11/28/2012,52.19
11/29/2012,51.59
11/30/2012,52.19
12/3/2012,51.93
12/4/2012,51.67
12/5/2012,52.45
12/6/2012,52.45
12/7/2012,52.74
12/10/2012,51.7
12/11/2012,51.29
12/12/2012,51.35
12/13/2012,50.53
12/14/2012,50.42
12/17/2012,50.74
12/18/2012,51.52
12/19/2012,51.9
12/20/2012,52.52
12/21/2012,53.1
12/24/2012,53.49
12/26/2012,53.28
12/27/2012,53.13
12/28/2012,52.85
12/31/2012,53.65
1/2/2013,55.18
1/3/2013,54.89
1/4/2013,55
1/7/2013,55.81
1/8/2013,55.74
1/9/2013,55.98
1/10/2013,56.71
1/11/2013,56.57
1/14/2013,56.93
1/15/2013,57.2
1/16/2013,57.17
1/17/2013,58.19
1/18/2013,59.08
1/22/2013,58.73
1/23/2013,58.02
1/24/2013,59.36
1/25/2013,60.26
1/28/2013,59.34
1/29/2013,59.08
1/30/2013,59.51
1/31/2013,59.84
2/1/2013,60.03
2/4/2013,59.78
2/5/2013,59.89
2/6/2013,59.9
2/7/2013,59.55
2/8/2013,66.01
2/11/2013,66.15
2/12/2013,66.03
2/13/2013,66.04
2/14/2013,66.53
2/15/2013,68.47
2/19/2013,69.55
2/20/2013,68.65
2/21/2013,67.7
2/22/2013,67.97
2/25/2013,67.28
2/26/2013,67.45
2/27/2013,68.23
2/28/2013,69.81
3/1/2013,70.34
3/4/2013,71.18
3/5/2013,72.07
3/6/2013,72.25
3/7/2013,69.88
3/8/2013,70.52
3/11/2013,70.41
3/12/2013,70.4
3/13/2013,70.5
3/14/2013,70.56
3/15/2013,69.52
3/18/2013,69.46
3/19/2013,68.83
3/20/2013,69.74
3/21/2013,72.38
3/22/2013,75.82
3/25/2013,75.46
3/26/2013,76.69
3/27/2013,76.05
3/28/2013,76.67
4/1/2013,77.24
4/2/2013,77.83
4/3/2013,77.27
4/4/2013,77.26
4/5/2013,75.25
4/8/2013,76.44
4/9/2013,77.08
4/10/2013,78.36
4/11/2013,77.57
4/12/2013,77.03
4/15/2013,73.81
4/16/2013,75.05
4/17/2013,74.1
4/18/2013,72.42
4/19/2013,73.44
4/22/2013,75.3
4/23/2013,77.22
4/24/2013,75.93
4/25/2013,74.99
4/26/2013,75.48
4/29/2013,75.44
4/30/2013,76.9
5/1/2013,74.9
5/2/2013,77.2
5/3/2013,80.34
5/6/2013,81.97
5/7/2013,82.17
5/8/2013,82.84
5/9/2013,81.58
5/10/2013,81.25
5/13/2013,82.35
5/14/2013,84.21
5/15/2013,81.9
5/16/2013,81.22
5/17/2013,82.05
5/20/2013,83.43
5/21/2013,84.01
5/22/2013,81.84
5/23/2013,82.06
5/24/2013,82.54
5/28/2013,84.35
5/29/2013,85.91
5/30/2013,87.39
5/31/2013,87.08
6/3/2013,86.14
6/4/2013,85.33
6/5/2013,84.13
6/6/2013,85.42
6/7/2013,87.11
6/10/2013,88.1
6/11/2013,87.58
6/12/2013,87.54
6/13/2013,87.79
6/14/2013,87.65
6/17/2013,88.07
6/18/2013,89.12
6/19/2013,88.15
6/20/2013,83.94
6/21/2013,83.8
6/24/2013,82.38
6/25/2013,83.4
6/26/2013,84.91
6/27/2013,83.17
6/28/2013,81.3
7/1/2013,82.88
7/2/2013,82.41
7/3/2013,83.24
7/5/2013,84.34
7/8/2013,84.26
7/9/2013,85.8
7/10/2013,85.67
7/11/2013,86.65
7/12/2013,85.97
7/15/2013,86.13
7/16/2013,84.94
7/17/2013,85.57
7/18/2013,87
7/19/2013,86.87
7/22/2013,87.61
7/23/2013,87.08
7/24/2013,87.74
7/25/2013,87.61
7/26/2013,90.46
7/29/2013,89.12
7/30/2013,89.57
7/31/2013,89.77
8/1/2013,91.85
8/2/2013,98.44
8/5/2013,98.78
8/6/2013,98.19
8/7/2013,97.94
8/8/2013,98.9
8/9/2013,98.67
8/12/2013,97.25
8/13/2013,97.45
8/14/2013,99.43
8/15/2013,97.52
8/16/2013,97.67
8/19/2013,97.51
8/20/2013,97.8
8/21/2013,96.96
8/22/2013,103.12
8/23/2013,102.82
8/26/2013,104.7
8/27/2013,103.17
8/28/2013,103.09
8/29/2013,104.48
8/30/2013,103.11
9/3/2013,105.8
9/4/2013,103.99
9/5/2013,104.01
9/6/2013,103.33
9/9/2013,103.21
9/10/2013,106.09
9/11/2013,107.41
9/12/2013,107.24
9/13/2013,107.23
9/16/2013,108.47
9/17/2013,109.57
9/18/2013,110.98
9/19/2013,110.73
9/20/2013,110.68
9/23/2013,109.87
9/24/2013,110.42
9/25/2013,110.93
9/26/2013,110.1
9/27/2013,111.17
9/30/2013,110.16
10/1/2013,111.37
10/2/2013,113.6
10/3/2013,111.15
10/4/2013,112.04
10/7/2013,111.81
10/8/2013,104.57
10/9/2013,103.09
10/10/2013,107.08
10/11/2013,106.59
10/14/2013,106.1
10/15/2013,106.79
10/16/2013,110.41
10/17/2013,111.3
10/18/2013,112.49
10/21/2013,112.32
10/22/2013,113.36
10/23/2013,111.09
10/24/2013,110.41
10/25/2013,109.58
10/28/2013,108.47
10/29/2013,111.24
10/30/2013,107.16
10/31/2013,115.35
11/1/2013,114.16
11/4/2013,114.4
11/5/2013,116.27
11/6/2013,114.71
11/7/2013,111.18
11/8/2013,113.6
11/11/2013,114.86
11/12/2013,114.82
11/13/2013,116.99
11/14/2013,117.49
11/15/2013,118.2
11/18/2013,118.03
11/19/2013,116.08
11/20/2013,116.98
11/21/2013,119.36
11/22/2013,120.93
11/25/2013,120.72
11/26/2013,120.52
11/27/2013,121.2
11/29/2013,121.78
12/2/2013,122.7
12/3/2013,122.05
12/4/2013,121.99
12/5/2013,122.19
12/6/2013,118.73
12/9/2013,118.31
12/10/2013,118.48
12/11/2013,116.78
12/12/2013,116.59
12/13/2013,118.12
12/16/2013,118.6
12/17/2013,118.15
12/18/2013,119.12
12/19/2013,117.06
12/20/2013,117.87
12/23/2013,118.62
12/24/2013,118.09
12/26/2013,118.53
12/27/2013,115.95
12/30/2013,114.27
12/31/2013,117.17
1/2/2014,118.38
1/3/2014,116.62
1/6/2014,116.11
1/7/2014,116.55
1/8/2014,117.8
1/9/2014,115.87
1/10/2014,116.26
1/13/2014,113.5
1/14/2014,113.38
1/15/2014,110.21
1/16/2014,110.01
1/17/2014,107.71
1/21/2014,104.56
1/22/2014,106.28
1/23/2014,106.83
1/24/2014,105.19
1/27/2014,101.69
1/28/2014,106.19
1/29/2014,106.36
1/30/2014,110.12
1/31/2014,106.32
2/3/2014,104.48
2/4/2014,107.48
2/5/2014,107.8
2/6/2014,114.94
2/7/2014,116.48
2/10/2014,113.55
2/11/2014,115.06
2/12/2014,116.15
2/13/2014,116.53
2/14/2014,116.75
2/18/2014,119.36
2/19/2014,118.74
2/20/2014,119.32
2/21/2014,120.89
2/24/2014,124.44
2/25/2014,127.28
2/26/2014,127.33
2/27/2014,130.57
2/28/2014,129.93
3/3/2014,127.37
3/4/2014,129.96
3/5/2014,125.85
3/6/2014,126.53
3/7/2014,125.88
3/10/2014,124.07
3/11/2014,122.92
3/12/2014,120.89
3/13/2014,117.92
3/14/2014,118.05
3/17/2014,118.69
3/18/2014,120.48
3/19/2014,118.32
3/20/2014,119.79
3/21/2014,120.47
3/24/2014,117.59
3/25/2014,115.38
3/26/2014,114.27
3/27/2014,113.13
3/28/2014,113.36
3/31/2014,115.1
4/1/2014,117.68
4/2/2014,117.19
4/3/2014,114.83
4/4/2014,113.02
4/7/2014,109.9
4/8/2014,112.25
4/9/2014,115.57
4/10/2014,113.39
4/11/2014,109.57
4/14/2014,110.07
4/15/2014,110.22
4/16/2014,112.59
4/17/2014,114.96
4/21/2014,113.42
4/22/2014,115.45
4/23/2014,113.36
4/24/2014,113.56
4/25/2014,110.3
4/28/2014,108.75
4/29/2014,111.91
4/30/2014,114.13
5/1/2014,114.94
5/2/2014,120.45
5/5/2014,122.8
5/6/2014,122.2
5/7/2014,120.12
5/8/2014,120.6
5/9/2014,122.01
5/12/2014,124.29
5/13/2014,124.25
5/14/2014,122.46
5/15/2014,120.2
5/16/2014,121.33
5/19/2014,121.67
5/20/2014,119.95
5/21/2014,122.12
5/22/2014,123.59
5/23/2014,125.34
5/27/2014,126.65
5/28/2014,127.66
5/29/2014,127.46
5/30/2014,126.41
6/2/2014,126.78
6/3/2014,126.6
6/4/2014,127.14
6/5/2014,127.67
6/6/2014,130.97
6/9/2014,130.99
6/10/2014,130.6
6/11/2014,131.24
6/12/2014,131.77
6/13/2014,132.35
6/16/2014,133.12
6/17/2014,133.57
6/18/2014,133.73
6/19/2014,131.53
6/20/2014,131.3
6/23/2014,132.55
6/24/2014,131.1
6/25/2014,132.68
6/26/2014,131.57
6/27/2014,133.66
6/30/2014,131.8
7/1/2014,132.85
7/2/2014,130.99
7/3/2014,132.69
7/7/2014,131.02
7/8/2014,129.71
7/9/2014,129.75
7/10/2014,128.84
7/11/2014,129.68
7/14/2014,132.47
7/15/2014,132.24
7/16/2014,131.95
7/17/2014,128.64
7/18/2014,129.55
7/21/2014,130.27
7/22/2014,132.64
7/23/2014,132.77
7/24/2014,132.48
7/25/2014,131.72
7/28/2014,132.12
7/29/2014,134.24
7/30/2014,136.52
7/31/2014,132.79
8/1/2014,130.87
8/4/2014,133.34
8/5/2014,132.19
8/6/2014,130.05
8/7/2014,129.93
8/8/2014,131.08
8/11/2014,131.54
8/12/2014,129.44
8/13/2014,142.1
8/14/2014,142.39
8/15/2014,144.46
8/18/2014,147.15
8/19/2014,148.6
8/20/2014,148.54
8/21/2014,148.08
8/22/2014,148.11
8/25/2014,147.86
8/26/2014,147.14
8/27/2014,145
8/28/2014,142.77
8/29/2014,143.69
9/2/2014,144.18
9/3/2014,141.84
9/4/2014,141.56
9/5/2014,142.24
9/8/2014,140.85
9/9/2014,139.68
9/10/2014,143.42
9/11/2014,141.61
9/12/2014,141.71
9/15/2014,141.25
9/16/2014,143.09
9/17/2014,144.7
9/18/2014,144.54
9/19/2014,142.05
9/22/2014,138.46
9/23/2014,138.25
9/24/2014,140.88
9/25/2014,137.98
9/26/2014,140.13
9/29/2014,141.86
9/30/2014,142.12
10/1/2014,139.1
10/2/2014,139
10/3/2014,140.34
10/6/2014,138.96
10/7/2014,135.5
10/8/2014,137.2
10/9/2014,132.84
10/10/2014,130.03
10/13/2014,123.44
10/14/2014,124.89
10/15/2014,130.13
10/16/2014,131.42
10/17/2014,133.3
10/20/2014,133.11
10/21/2014,136.54
10/22/2014,135.96
10/23/2014,138.47
10/24/2014,139.1
10/27/2014,138.55
10/28/2014,140.27
10/29/2014,139.94
10/30/2014,142.55
10/31/2014,150.56
11/3/2014,150.23
11/4/2014,148.53
11/5/2014,148.51
11/6/2014,150.47
11/7/2014,149.18
11/10/2014,149.9
11/11/2014,148.03
11/12/2014,147.4
11/13/2014,147.66
11/14/2014,146.72
11/17/2014,147.75
11/18/2014,148.31
11/19/2014,150.49
11/20/2014,155.08
11/21/2014,155.99
11/24/2014,156.05
11/25/2014,154.65
11/26/2014,155.21
11/28/2014,151.89
12/1/2014,146.54
12/2/2014,146.49
12/3/2014,149.27
12/4/2014,149.68
12/5/2014,152.71
12/8/2014,148.11
12/9/2014,148.7
12/10/2014,143.9
12/11/2014,142.98
12/12/2014,138.33
12/15/2014,138.48
12/16/2014,138.66
12/17/2014,148.06
12/18/2014,148.55
12/19/2014,148.87
12/22/2014,148.09
12/23/2014,150.1
12/24/2014,149.17
12/26/2014,149.18
12/29/2014,149.16
12/30/2014,148.96
12/31/2014,148.71
1/2/2015,150.26
1/5/2015,143.78
1/6/2015,142.25
1/7/2015,143.21
1/8/2015,146.12
1/9/2015,143.55
1/12/2015,141.41
1/13/2015,141.86
1/14/2015,139.79
1/15/2015,137.68
1/16/2015,139.72
1/20/2015,137.02
1/21/2015,137.4
1/22/2015,141.44
1/23/2015,142.96
1/26/2015,143.12
1/27/2015,140.77
1/28/2015,140.29
1/29/2015,141.26
1/30/2015,140.5
2/2/2015,143.06
2/3/2015,145.15
2/4/2015,147.32
2/5/2015,149.47
2/6/2015,150.04
2/9/2015,146.62
2/10/2015,146.19
2/11/2015,146.73
2/12/2015,149.22
2/13/2015,150.37
2/17/2015,152.82
2/18/2015,153.08
2/19/2015,154.13
2/20/2015,156.45
2/23/2015,155.65
2/24/2015,156.96
2/25/2015,156.94
2/26/2015,155.41
2/27/2015,153.43
3/2/2015,154.12
3/3/2015,154.77
3/4/2015,152.11
3/5/2015,155.42
3/6/2015,153.29
3/9/2015,152.16
3/10/2015,148.07
3/11/2015,149.05
3/12/2015,149.98
3/13/2015,148.21
3/16/2015,150.16
3/17/2015,150.04
3/18/2015,152.28
3/19/2015,151.51
3/20/2015,152.16
3/23/2015,150.67
3/24/2015,151.47
3/25/2015,148.66
3/26/2015,148.89
3/27/2015,148.56
3/30/2015,150.83
3/31/2015,150.92
4/1/2015,152.51
4/2/2015,153.01
4/6/2015,152.65
4/7/2015,154.71
4/8/2015,156.27
4/9/2015,156.53
4/10/2015,157.85
4/13/2015,157.39
4/14/2015,157.43
4/15/2015,158.61
4/16/2015,158.03
4/17/2015,156.22
4/20/2015,158.37
4/21/2015,158.24
4/22/2015,158.25
4/23/2015,162.66
4/24/2015,162.24
4/27/2015,163.46
4/28/2015,161.45
4/29/2015,163.22
4/30/2015,160.89
5/1/2015,159.13
5/4/2015,156.46
5/5/2015,154.64
5/6/2015,153.21
5/7/2015,153.36
5/8/2015,154.82
5/11/2015,153.64
5/12/2015,153.04
5/13/2015,153.32
5/14/2015,154.88
5/15/2015,154.34
5/18/2015,154.37
5/19/2015,153.46
5/20/2015,152.02
5/21/2015,154.81
5/22/2015,154.25
5/26/2015,152.86
5/27/2015,153.63
5/28/2015,152.92
5/29/2015,152.14
6/1/2015,153.7
6/2/2015,154.17
6/3/2015,154.36
6/4/2015,151.3
6/5/2015,154.75
6/8/2015,152.72
6/9/2015,151.28
6/10/2015,159.51
6/11/2015,161.37
6/12/2015,161.54
6/15/2015,161.36
6/16/2015,163.07
6/17/2015,160.75
6/18/2015,162.1
6/19/2015,161.39
6/22/2015,161.93
6/23/2015,161.99
6/24/2015,159.98
6/25/2015,160.11
6/26/2015,159.3
6/29/2015,155.34
6/30/2015,156.06
7/1/2015,155.99
7/2/2015,156.04
7/6/2015,155.42
7/7/2015,154.32
7/8/2015,152.96
7/9/2015,153.61
7/10/2015,154.25
7/13/2015,156.49
7/14/2015,156.56
7/15/2015,155.56
7/16/2015,156
7/17/2015,154
7/20/2015,155.58
7/21/2015,154.49
7/22/2015,153.5
7/23/2015,151.49
7/24/2015,152.07
7/27/2015,149.3
7/28/2015,151.68
7/29/2015,153.75
7/30/2015,154.29
7/31/2015,154.82
8/3/2015,154.36
8/4/2015,154.24
8/5/2015,153.99
8/6/2015,159.01
8/7/2015,160
8/10/2015,160.58
8/11/2015,161.15
8/12/2015,161.38
8/13/2015,161.57
8/14/2015,162.51
8/17/2015,163.86
8/18/2015,162.28
8/19/2015,162.34
8/20/2015,156.74
8/21/2015,151.93
8/24/2015,145.51
8/25/2015,142.88
8/26/2015,147.29
8/27/2015,151.21
8/28/2015,151.34
8/31/2015,149.16
9/1/2015,144.72
9/2/2015,146.03
9/3/2015,149.71
9/4/2015,148.34
9/8/2015,153.49
9/9/2015,151.94
9/10/2015,151.31
9/11/2015,152.23
9/14/2015,150.74
9/15/2015,153.49
9/16/2015,153.66
9/17/2015,154.57
9/18/2015,153.31
9/21/2015,156.54
9/22/2015,154.03
9/23/2015,153.99
9/24/2015,149.65
9/25/2015,150.52
9/28/2015,143.25
9/29/2015,140.62
9/30/2015,137.62
10/1/2015,137.94
10/2/2015,140.85
10/5/2015,144.24
10/6/2015,143.11
10/7/2015,145.57
10/8/2015,146.93
10/9/2015,147.2
10/12/2015,146.72
10/13/2015,145.59
10/14/2015,144.45
10/15/2015,145.17
10/16/2015,145.65
10/19/2015,146.86
10/20/2015,145.67
10/21/2015,144.59
10/22/2015,146.36
10/23/2015,148.51
10/26/2015,146.92
10/27/2015,141.3
10/28/2015,144.73
10/29/2015,144.67
10/30/2015,144.86
11/2/2015,144.95
11/3/2015,147.95
11/4/2015,144
11/5/2015,154.59
11/6/2015,156.4
11/9/2015,153.47
11/10/2015,154.19
11/11/2015,153.12
11/12/2015,150.63
11/13/2015,146.82
11/16/2015,148.52
11/17/2015,148.27
11/18/2015,151.72
11/19/2015,151.57
11/20/2015,152.21
11/23/2015,152.99
11/24/2015,154.72
11/25/2015,153.67
11/27/2015,152.74
11/30/2015,153.71
12/1/2015,153.49
12/2/2015,151.96
12/3/2015,148.95
12/4/2015,150.52
12/7/2015,147.51
12/8/2015,147.6
12/9/2015,146
12/10/2015,146.76
12/11/2015,139.81
12/14/2015,139.31
12/15/2015,141.49
12/16/2015,144.25
12/17/2015,142.79
12/18/2015,140.32
12/21/2015,141.38
12/22/2015,142.14
12/23/2015,145.41
12/24/2015,145.34
12/28/2015,143.85
12/29/2015,145.39
12/30/2015,143.12
12/31/2015,142.93
1/4/2016,140.63
1/5/2016,136.76
1/6/2016,132.66
1/7/2016,128.5
1/8/2016,129.26
1/11/2016,125.56
1/12/2016,124.29
1/13/2016,117.66
1/14/2016,120.02
1/15/2016,118.16
1/19/2016,114.85
1/20/2016,114.9
1/21/2016,116.75
1/22/2016,123.66
1/25/2016,119.01
1/26/2016,120.14
1/27/2016,118.02
1/28/2016,117.5
1/29/2016,122.84
2/1/2016,121.76
2/2/2016,117.75
2/3/2016,121.9
2/4/2016,124.75
2/5/2016,123.76
2/8/2016,117.37
2/9/2016,113.87
2/10/2016,114.99
2/11/2016,113.39
2/12/2016,117.46
2/16/2016,124.61
2/17/2016,127.5
2/18/2016,126.99
2/19/2016,127.97
2/22/2016,129.79
2/23/2016,126.37
2/24/2016,128.12
2/25/2016,127.63
2/26/2016,128
2/29/2016,127.69
3/1/2016,134.57
3/2/2016,135.24
3/3/2016,137.71
3/4/2016,138.03
3/7/2016,141.74
3/8/2016,135.82
3/9/2016,136.6
3/10/2016,135.1
3/11/2016,139.79
3/14/2016,139.51
3/15/2016,139.97
3/16/2016,140.42
3/17/2016,142.79
3/18/2016,147.36
3/21/2016,146.79
3/22/2016,146.86
3/23/2016,146.1
3/24/2016,145.86
3/28/2016,145.75
3/29/2016,147.66
3/30/2016,147.76
3/31/2016,148.75
4/1/2016,148.64
4/4/2016,149.06
4/5/2016,145.43
4/6/2016,146.7
4/7/2016,144.65
4/8/2016,145.68
4/11/2016,146.61
4/12/2016,148.98
4/13/2016,151.91
4/14/2016,151.02
4/15/2016,150.87
4/18/2016,152.48
4/19/2016,152.07
4/20/2016,153.2
4/21/2016,153.48
4/22/2016,154.27
4/25/2016,153.46
4/26/2016,153.57
4/27/2016,155.91
4/28/2016,153.78
4/29/2016,154.68
5/2/2016,155.59
5/3/2016,154.86
5/4/2016,152.72
5/5/2016,151.66
5/6/2016,151.43
5/9/2016,150.15
5/10/2016,152.39
5/11/2016,152
5/12/2016,150.93
5/13/2016,145.38
5/16/2016,146.4
5/17/2016,144.98
5/18/2016,146.15
5/19/2016,145.48
5/20/2016,146.85
5/23/2016,146.53
5/24/2016,148.88
5/25/2016,150.2
5/26/2016,149.31
5/27/2016,150.17
5/31/2016,148.89
6/1/2016,150.02
6/2/2016,152.48
6/3/2016,150.44
6/6/2016,153.81
6/7/2016,152.85
6/8/2016,152.39
6/9/2016,150
6/10/2016,147.34
6/13/2016,145.93
6/14/2016,143.99
6/15/2016,144.66
6/16/2016,144.05
6/17/2016,144.35
6/20/2016,145.09
6/21/2016,146.07
6/22/2016,144.17
6/23/2016,146.4
6/24/2016,141.49
6/27/2016,134.67
6/28/2016,139.23
6/29/2016,143.13
6/30/2016,143.13
7/1/2016,142.75
7/5/2016,139.51
7/6/2016,139.61
7/7/2016,140.15
7/8/2016,143.79
7/11/2016,143.69
7/12/2016,150.06
7/13/2016,149.67
7/14/2016,151.85
7/15/2016,150.45
7/18/2016,150.4
7/19/2016,150.2
7/20/2016,151.88
7/21/2016,149.99
7/22/2016,151.8
7/25/2016,151.16
7/26/2016,152.02
7/27/2016,150.75
7/28/2016,152.16
7/29/2016,151.68
8/1/2016,152.31
8/2/2016,150.59
8/3/2016,153.72
8/4/2016,154.79
8/5/2016,162.32
8/8/2016,163.47
8/9/2016,163.01
8/10/2016,162.54
8/11/2016,164.72
8/12/2016,164.46
8/15/2016,168.94
8/16/2016,167.99
8/17/2016,168.21
8/18/2016,168.55
8/19/2016,167.56
8/22/2016,167.41
8/23/2016,168.44
8/24/2016,166.02
8/25/2016,165.8
8/26/2016,166.57
8/29/2016,166.13
8/30/2016,166.08
8/31/2016,164.2
9/1/2016,167.67
9/2/2016,167.63
9/6/2016,167.8
9/7/2016,167.96
9/8/2016,167.64
9/9/2016,160.85
9/12/2016,163.79
9/13/2016,161.25
9/14/2016,162.42
9/15/2016,163.09
9/16/2016,164.51
9/19/2016,168.52
9/20/2016,167.65
9/21/2016,170.87
9/22/2016,172.11
9/23/2016,170.53
9/26/2016,170.76
9/27/2016,171.45
9/28/2016,174.48
9/29/2016,172.66
9/30/2016,173.73
10/3/2016,172.71
10/4/2016,171.27
10/5/2016,173.17
10/6/2016,174.55
10/7/2016,172.44
10/10/2016,174.58
10/11/2016,171.07
10/12/2016,171.97
10/13/2016,168.74
10/14/2016,171.4
10/17/2016,172.36
10/18/2016,173.56
10/19/2016,174.35
10/20/2016,172.64
10/21/2016,173.7
10/24/2016,175.53
10/25/2016,172.9
10/26/2016,171.83
10/27/2016,173.51
10/28/2016,173.95
10/31/2016,175.3
11/1/2016,172.68
11/2/2016,152.02
11/3/2016,148.76
11/4/2016,150.05
11/7/2016,147.99
11/8/2016,148.79
11/9/2016,150.02
11/10/2016,146.49
11/11/2016,143.7
11/14/2016,143.2
11/15/2016,144.95
11/16/2016,145.63
11/17/2016,150.7
11/18/2016,150.2
11/21/2016,152.32
11/22/2016,153.01
11/23/2016,153.25
11/25/2016,153.65
11/28/2016,149.75
11/29/2016,149.69
11/30/2016,149.34
12/1/2016,145.47
12/2/2016,145.5
12/5/2016,149.91
12/6/2016,149.45
12/7/2016,152.19
12/8/2016,153.44
12/9/2016,153.56
12/12/2016,150.89
12/13/2016,150.51
12/14/2016,151
12/15/2016,149.45
12/16/2016,148.04
12/19/2016,142.96
12/20/2016,143.74
12/21/2016,141.93
12/22/2016,142.4
12/23/2016,143.44
12/27/2016,143.93
12/28/2016,141.86
12/29/2016,142.13
12/30/2016,141.52
1/3/2017,144.65
1/4/2017,147.05
1/5/2017,147.47
1/6/2017,148.4
1/9/2017,147.86
1/10/2017,147.97
1/11/2017,148.5
1/12/2017,148.99
1/13/2017,150.69
1/17/2017,149.77
1/18/2017,152.38
1/19/2017,150.26
1/20/2017,150.25
1/23/2017,149.81
1/24/2017,150.72
1/25/2017,150.74
1/26/2017,148.05
1/27/2017,148.18
1/30/2017,147.96
1/31/2017,147.49
2/1/2017,146.34
2/2/2017,148.05
2/3/2017,150.72
2/6/2017,147.7
2/7/2017,148.75
2/8/2017,151.25
2/9/2017,167.86
2/10/2017,168.91
2/13/2017,168.25
2/14/2017,167.36
2/15/2017,167.67
2/16/2017,166.54
2/17/2017,166.47
2/21/2017,166.57
2/22/2017,167.09
2/23/2017,168.37
2/24/2017,168.7
2/27/2017,169.88
2/28/2017,170
3/1/2017,164.75
3/2/2017,162.62
3/3/2017,164.58
3/6/2017,163.67
3/7/2017,163.2
3/8/2017,161.19
3/9/2017,161.19
3/10/2017,160.2
3/13/2017,159.85
3/14/2017,159.19
3/15/2017,161.82
3/16/2017,163.99
3/17/2017,162.23
3/20/2017,159.97
3/21/2017,156.47
3/22/2017,158.6
3/23/2017,158.36
3/24/2017,156.9
3/27/2017,156.34
3/28/2017,157.5
3/29/2017,152.5
3/30/2017,148.1
3/31/2017,151.43
4/3/2017,150.15
4/4/2017,141.6
4/5/2017,142.05
4/6/2017,145.47
4/7/2017,146.27
4/10/2017,146.32
4/11/2017,145.56
4/12/2017,144.22
4/13/2017,142.36
4/17/2017,144.34
4/18/2017,143.65
4/19/2017,143.18
4/20/2017,149.73
4/21/2017,147.66
4/24/2017,150.23
4/25/2017,148.86
4/26/2017,151.38
4/27/2017,145.65
4/28/2017,141.14
5/1/2017,148.18
5/2/2017,138
5/3/2017,131.26
5/4/2017,132.11
5/5/2017,133.4
5/8/2017,134.61
5/9/2017,134.89
5/10/2017,138.23
5/11/2017,136.46
5/12/2017,138.43
5/15/2017,140.12
5/16/2017,139.57
5/17/2017,135.78
5/18/2017,133.41
5/19/2017,135.78
5/22/2017,137.07
5/23/2017,135.97
5/24/2017,139.42
5/25/2017,141.06
5/26/2017,146.37
5/30/2017,145.44
5/31/2017,144.29
6/1/2017,147.6
6/2/2017,148.35
6/5/2017,150.16
6/6/2017,146.85
6/7/2017,145.58
6/8/2017,145.48
6/9/2017,143.94
6/12/2017,142.79
6/13/2017,147.24
6/14/2017,146.56
6/15/2017,144.51
6/16/2017,144.41
6/19/2017,143.54
6/20/2017,140.83
6/21/2017,139.98
6/22/2017,141.01
6/23/2017,144.08
6/26/2017,143.48
6/27/2017,143.13
6/28/2017,147.28
6/29/2017,146
6/30/2017,144.21
7/3/2017,145.37
7/5/2017,145.38
7/6/2017,144.16
7/7/2017,145.1
7/10/2017,144.78
7/11/2017,146.04
7/12/2017,146.46
7/13/2017,149.5
7/14/2017,149.03
7/17/2017,147.68
7/18/2017,149.14
7/19/2017,149.58
7/20/2017,149
7/21/2017,148.25
7/24/2017,148.36
7/25/2017,150.5
7/26/2017,153.75
7/27/2017,151.79
7/28/2017,152.05
7/31/2017,152.06
8/1/2017,154.2
8/2/2017,154.18
8/3/2017,154.18
8/4/2017,145.26
8/7/2017,142.46
8/8/2017,142.41
8/9/2017,140.23
8/10/2017,138.74
8/11/2017,139.32
8/14/2017,141.78
8/15/2017,143.22
8/16/2017,143.41
8/17/2017,142.02
8/18/2017,142.69
8/21/2017,143.25
8/22/2017,142.31
8/23/2017,142.15
8/24/2017,142.45
8/25/2017,142.43
8/28/2017,143.06
8/29/2017,142.75
8/30/2017,143.17
8/31/2017,143.77
9/1/2017,143.92
9/5/2017,141.29
9/6/2017,140.36
9/7/2017,142.01
9/8/2017,144.35
9/11/2017,146.1
9/12/2017,144.93
9/13/2017,144.76
9/14/2017,144.01
9/15/2017,145.02
9/18/2017,151.21
9/19/2017,153.26
9/20/2017,151
9/21/2017,150.64
9/22/2017,153.67
9/25/2017,155.33
9/26/2017,154.72
9/27/2017,154.29
9/28/2017,154.7
9/29/2017,154.77
10/2/2017,154.76
10/3/2017,155
10/4/2017,158.39
10/5/2017,157.74
10/6/2017,160.76
10/9/2017,162.16
10/10/2017,161.55
10/11/2017,161.57
10/12/2017,160.35
10/13/2017,160.62
10/16/2017,160.69
10/17/2017,162.64
10/18/2017,165.96
10/19/2017,164.04
10/20/2017,164.68
10/23/2017,164.67
10/24/2017,163.83
10/25/2017,164.4
10/26/2017,164.14
10/27/2017,165.37
10/30/2017,163.7
10/31/2017,165.27
11/1/2017,164.31
11/2/2017,182.31
11/3/2017,178.8
11/6/2017,179.86
11/7/2017,177
11/8/2017,175.95
11/9/2017,177
11/10/2017,180.55
11/13/2017,181.42
11/14/2017,178.68
11/15/2017,176.48
11/16/2017,178.65
11/17/2017,178.69
11/20/2017,178.73
11/21/2017,179.92
11/22/2017,178.64
11/24/2017,180.18
11/27/2017,178.57
11/28/2017,180.13
11/29/2017,179.52
11/30/2017,181.87
12/1/2017,180.84
12/4/2017,183.6
12/5/2017,183.87
12/6/2017,184.48
12/7/2017,185.72
12/8/2017,186.43
12/11/2017,189.13
12/12/2017,189.29
12/13/2017,189.73
12/14/2017,188.5
12/15/2017,190.11
12/18/2017,190.68
12/19/2017,188.86
12/20/2017,190.17
12/21/2017,191.18
12/22/2017,190.46
12/26/2017,191.34
12/27/2017,191.43
12/28/2017,193.38
12/29/2017,192.43
1/2/2018,193.87
1/3/2018,194.96
1/4/2018,195.46
1/5/2018,197
1/8/2018,197.16
1/9/2018,196.91
1/10/2018,200.91
1/11/2018,202.58
1/12/2018,203.27
1/16/2018,201.8
1/17/2018,203.4
1/18/2018,203.25
1/19/2018,206.65
1/22/2018,206.77
1/23/2018,208.85
1/24/2018,207.83
1/25/2018,212.12
1/26/2018,212.03
1/29/2018,210
1/30/2018,209.59
1/31/2018,212.5
2/1/2018,211.25
2/2/2018,207.51
2/5/2018,200.34
2/6/2018,203.45
2/7/2018,203.32
2/8/2018,194.61
2/9/2018,189.92
2/12/2018,192.69
2/13/2018,194.2
2/14/2018,194.77
2/15/2018,196.36
2/16/2018,198.6
2/20/2018,199.45
2/21/2018,203.64
2/22/2018,204.07
2/23/2018,206.18
2/26/2018,203.96
2/27/2018,201.32
2/28/2018,199.93
3/1/2018,199.75
3/2/2018,201.45
3/5/2018,203.7
3/6/2018,203.42
3/7/2018,205.16
3/8/2018,206.52
3/9/2018,209.4
3/12/2018,208.69
3/13/2018,207.8
3/14/2018,207.9
3/15/2018,206.78
3/16/2018,209.01
3/19/2018,205.13
3/20/2018,208.29
3/21/2018,208.64
3/22/2018,202.84
3/23/2018,198.23
3/26/2018,202.19
3/27/2018,198.61
3/28/2018,196.63
3/29/2018,202.5
4/2/2018,198.16
4/3/2018,199.13
4/4/2018,199.21
4/5/2018,200.21
4/6/2018,196.34
4/9/2018,196.49
4/10/2018,200.19
4/11/2018,200.07
4/12/2018,200.68
4/13/2018,200.98
4/16/2018,202.83
4/17/2018,209.05
4/18/2018,210.89
4/19/2018,209.69
4/20/2018,208.95
4/23/2018,206.39
4/24/2018,205.76
4/25/2018,201.29
4/26/2018,206.06
4/27/2018,207.73
4/30/2018,207.28
5/1/2018,210.35
5/2/2018,210.47
5/3/2018,210.44
5/4/2018,200.04
5/7/2018,203.07
5/8/2018,203.25
5/9/2018,204.11
5/10/2018,204.24
5/11/2018,202.58
5/14/2018,202.3
5/15/2018,202.2
5/16/2018,203.33
5/17/2018,205.5
5/18/2018,204.47
5/21/2018,203.53
5/22/2018,199.58
5/23/2018,200.6
5/24/2018,202.36
5/25/2018,202.12
5/29/2018,199.96
5/30/2018,201.33
5/31/2018,199.35
6/1/2018,200.68
6/4/2018,202.24
6/5/2018,204.16
6/6/2018,207.51
6/7/2018,200.15
6/8/2018,202.5
6/11/2018,202.81
6/12/2018,204.98
6/13/2018,207.66
6/14/2018,205.53
6/15/2018,207.09
6/18/2018,220.44
6/19/2018,220.08
6/20/2018,221.72
6/21/2018,218.82
6/22/2018,216.31
6/25/2018,210.98
6/26/2018,210.65
6/27/2018,208.41
6/28/2018,210.92
6/29/2018,210.65
7/2/2018,212.56
7/3/2018,214.2
7/5/2018,214.17
7/6/2018,216.79
7/9/2018,218.54
7/10/2018,219.43
7/11/2018,219.23
7/12/2018,220.5
7/13/2018,220.23
7/16/2018,216.18
7/17/2018,216.22
7/18/2018,217.89
7/19/2018,218
7/20/2018,219.09
7/23/2018,219.29
7/24/2018,221.51
7/25/2018,225.55
7/26/2018,223.91
7/27/2018,220.82
7/30/2018,216.75
7/31/2018,217
8/1/2018,218.23
8/2/2018,221.57
8/3/2018,216.06
8/6/2018,216.85
8/7/2018,217.56
8/8/2018,217.72
8/9/2018,215.9
8/10/2018,217.53
8/13/2018,214.82
8/14/2018,215.2
8/15/2018,212.62
8/16/2018,214.05
8/17/2018,214.19
8/20/2018,215.15
8/21/2018,216.01
8/22/2018,217.57
8/23/2018,216.11
8/24/2018,218.09
8/27/2018,219.42
8/28/2018,216.6
8/29/2018,216.53
8/30/2018,214.31
8/31/2018,213.74
9/4/2018,215.31
9/5/2018,214.83
9/6/2018,216.18
9/7/2018,214.86
9/10/2018,217.61
9/11/2018,217.21
9/12/2018,221.01
9/13/2018,221.64
9/14/2018,221.08
9/17/2018,218.75
9/18/2018,221.01
9/19/2018,219.93
9/20/2018,222.18
9/21/2018,222.28
9/24/2018,222
9/25/2018,225.69
9/26/2018,225.13
9/27/2018,227.42
9/28/2018,227.84
10/1/2018,226.04
10/2/2018,224.64
10/3/2018,226.1
10/4/2018,220.97
10/5/2018,218.45
10/8/2018,216.81
10/9/2018,215.16
10/10/2018,205.28
10/11/2018,200.6
10/12/2018,208.26
10/15/2018,208.56
10/16/2018,213.89
10/17/2018,212.89
10/18/2018,206.73
10/19/2018,204.09
10/22/2018,203.55
10/23/2018,201.34
10/24/2018,192.17
10/25/2018,195
10/26/2018,188.4
10/29/2018,183.23
10/30/2018,185.25
10/31/2018,200.03
11/1/2018,199.84
11/2/2018,197.34
11/5/2018,197.48
11/6/2018,197.6
11/7/2018,204.24
11/8/2018,204.58
11/9/2018,199.82
11/12/2018,193.69
11/13/2018,194.54
11/14/2018,190.96
11/15/2018,198.21
11/16/2018,198.19
11/19/2018,191.14
11/20/2018,188.31
11/21/2018,188.11
11/23/2018,184.11
11/26/2018,189
11/27/2018,187.78
11/28/2018,192.94
11/29/2018,191.68
11/30/2018,193.4
12/3/2018,196.16
12/4/2018,189.88
12/6/2018,188.96
12/7/2018,186.93
12/10/2018,185.87
12/11/2018,182.54
12/12/2018,181.41
12/13/2018,179.67
12/14/2018,176.91
12/17/2018,178.27
12/18/2018,179.08
12/19/2018,179.96
12/20/2018,178.13
12/21/2018,176.4
12/24/2018,175.5
12/26/2018,182.8
12/27/2018,185.1
12/28/2018,183.49
12/31/2018,185.72
1/2/2019,185.55
1/3/2019,181.6
1/4/2019,184.94
1/7/2019,186.03
1/8/2019,187.45
1/9/2019,189.57
1/10/2019,190.06
1/11/2019,189
1/14/2019,188.74
1/15/2019,191.05
1/16/2019,191.31
1/17/2019,192.61
1/18/2019,198.32
1/22/2019,195.94
1/23/2019,197
1/24/2019,196.58
1/25/2019,199.77
1/28/2019,198.5
1/29/2019,197.57
1/30/2019,202.61
1/31/2019,201.81
2/1/2019,202.99
2/4/2019,202.02
2/5/2019,204.83
2/6/2019,205.18
2/7/2019,218.07
2/8/2019,217.24
2/11/2019,217.26
2/12/2019,218.88
2/13/2019,219.39
2/14/2019,220.5
2/15/2019,224.05
2/19/2019,226.07
2/20/2019,227.5
2/21/2019,225.75
2/22/2019,228.43
2/25/2019,230.26
2/26/2019,231.75
2/27/2019,231.7
2/28/2019,233.28
3/1/2019,233.33
3/4/2019,232.06
3/5/2019,231.34
3/6/2019,230.84
3/7/2019,227.5
3/8/2019,227.82
3/11/2019,230.83
3/12/2019,231.8
3/13/2019,234.97
3/14/2019,236.6
3/15/2019,239.27
3/18/2019,240.75
3/19/2019,240.88
3/20/2019,238.23
3/21/2019,241.54
3/22/2019,237.46
3/25/2019,237.7
3/26/2019,241.14
3/27/2019,242.16
3/28/2019,243.58
3/29/2019,246.59
4/1/2019,249.06
4/2/2019,250.1
4/3/2019,249.97
4/4/2019,248.32
4/5/2019,250.31
4/8/2019,250.88
4/9/2019,250.28
4/10/2019,250.15
4/11/2019,249.92
4/12/2019,251.38
4/15/2019,251.57
4/16/2019,252.09
4/17/2019,251.17
4/18/2019,251.42
4/22/2019,252.5
4/23/2019,256.67
4/24/2019,256.34
4/25/2019,257.22
4/26/2019,257.87
4/29/2019,260.22
4/30/2019,260.95
5/1/2019,257.57
5/2/2019,256.84
5/3/2019,257.75
5/6/2019,256.63
5/7/2019,248.66
5/8/2019,266.19
5/9/2019,266.19
5/10/2019,263.63
5/13/2019,257.09
5/14/2019,264.63
5/15/2019,264.18
5/16/2019,271.13
5/17/2019,269.26
5/20/2019,272.08
5/21/2019,273.55
5/22/2019,274.99
5/23/2019,266.67
5/24/2019,266.8
5/28/2019,267.72
5/29/2019,260
5/30/2019,260.69
5/31/2019,258.21
6/3/2019,250.27
6/4/2019,253.65
6/5/2019,251.65
6/6/2019,251.33
6/7/2019,258.99
6/10/2019,266.22
6/11/2019,266.72
6/12/2019,267.46
6/13/2019,272.88
6/14/2019,272.66
6/17/2019,268.48
6/18/2019,273.31
6/19/2019,277.63
6/20/2019,277.77
6/21/2019,279.11
6/24/2019,279.19
6/25/2019,277.33
6/26/2019,277.12
6/27/2019,279.21
6/28/2019,280.85
7/1/2019,283.17
7/2/2019,286.02
7/3/2019,289.6
7/5/2019,291.77
7/8/2019,290.83
7/9/2019,294.46
7/10/2019,292.29
7/11/2019,293.39
7/12/2019,292.16
7/15/2019,292.53
7/16/2019,291
7/17/2019,289.73
7/18/2019,290.5
7/19/2019,288.83
7/22/2019,288.37
7/23/2019,289.98
7/24/2019,288.34
7/25/2019,285.48
7/26/2019,287.23
7/29/2019,286.71
7/30/2019,283.71
7/31/2019,284.17
8/1/2019,281.6
8/2/2019,278.15
8/5/2019,266.74
8/6/2019,269.24
8/7/2019,291.33
8/8/2019,296.37
8/9/2019,295.72
8/12/2019,289.02
8/13/2019,295.87
8/14/2019,285.77
8/15/2019,286.73
8/16/2019,291.27
8/19/2019,297.59
8/20/2019,295.7
8/21/2019,300.98
8/22/2019,300.45
8/23/2019,292.97
8/26/2019,292.49
8/27/2019,292.57
8/28/2019,295.55
8/29/2019,299.31
8/30/2019,298.4
9/3/2019,292.92
9/4/2019,298.11
9/5/2019,302.53
9/6/2019,302.64
9/9/2019,290.55
9/10/2019,286.26
9/11/2019,285.8
9/12/2019,288.95
9/13/2019,292.12
9/16/2019,297.86
9/17/2019,297.26
9/18/2019,295.14
9/19/2019,291.9
9/20/2019,289.1
9/23/2019,287.72
9/24/2019,285.91
9/25/2019,291.57
9/26/2019,292.7
9/27/2019,288
9/30/2019,286.78
10/1/2019,283.02
10/2/2019,279.38
10/3/2019,281.3
10/4/2019,289.72
10/7/2019,284.59
10/8/2019,279.85
10/9/2019,282.64
10/10/2019,288.44
10/11/2019,291.29
10/14/2019,290.65
10/15/2019,295.92
10/16/2019,294.83
10/17/2019,293.88
10/18/2019,291.83
10/21/2019,292.2
10/22/2019,286.28
10/23/2019,291.43
10/24/2019,296.24
10/25/2019,298.88
10/28/2019,302.05
10/29/2019,298.59
10/30/2019,300.03
10/31/2019,294.22
11/1/2019,294.34
11/4/2019,293.04
11/5/2019,291.73
11/6/2019,294.07
11/7/2019,296.58
11/8/2019,293.45
11/11/2019,291
11/12/2019,290.73
11/13/2019,291.01
11/14/2019,293.41
11/15/2019,297.34
11/18/2019,298.49
11/19/2019,301.92
11/20/2019,301
11/21/2019,295.27
11/22/2019,295.18
11/25/2019,299.52
11/26/2019,307.42
11/27/2019,306.88
11/29/2019,306.92
12/2/2019,308.42
12/3/2019,305.88
12/4/2019,306.21
12/5/2019,303.18
12/6/2019,307.78
12/9/2019,302.62
12/10/2019,302.54
12/11/2019,303.06
12/12/2019,301.52
12/13/2019,304.72
12/16/2019,307.61
12/17/2019,303.62
12/18/2019,296.79
12/19/2019,288.87
12/20/2019,290.3
12/23/2019,284.56
12/24/2019,285.47
12/26/2019,283
12/27/2019,285.82
12/30/2019,286.26
12/31/2019,287.72
1/2/2020,287.74
1/3/2020,290.81
1/6/2020,289.19
1/7/2020,291.75
1/8/2020,297.02
1/9/2020,298.51
1/10/2020,292.4
1/13/2020,299.4
1/14/2020,296.18
1/15/2020,303.08
1/16/2020,308.97
1/17/2020,310.04
1/21/2020,310.98
1/22/2020,318.3
1/23/2020,316.7
1/24/2020,320.63
1/27/2020,313.25
1/28/2020,317.45
1/29/2020,319.55
1/30/2020,321.18
1/31/2020,315.23
2/3/2020,319.08
2/4/2020,323.93
2/5/2020,326.87
2/6/2020,328.85
2/7/2020,306.76
2/10/2020,313.68
2/11/2020,315.75
2/12/2020,316.38
2/13/2020,317.58
2/14/2020,318.43
2/18/2020,320.57
2/19/2020,321.11
2/20/2020,317.39
2/21/2020,308.92
2/24/2020,298.42
2/25/2020,288.38
2/26/2020,284.2
2/27/2020,265.67
2/28/2020,265.79
3/2/2020,282.04
3/3/2020,266.41
3/4/2020,268.25
3/5/2020,252.72
3/6/2020,249.16
3/9/2020,222.59
3/10/2020,237.67
3/11/2020,222.47
3/12/2020,214.43
3/13/2020,235.46
3/16/2020,210.91
3/17/2020,224.34
3/18/2020,200.51
3/19/2020,193.3
3/20/2020,187.03
3/23/2020,171.72
3/24/2020,190.43
3/25/2020,212.33
3/26/2020,212.36
3/27/2020,196.18
3/30/2020,194.02
3/31/2020,186.54
4/1/2020,173.22
4/2/2020,181.52
4/3/2020,184.78
4/6/2020,206.09
4/7/2020,210.36
4/8/2020,220.31
4/9/2020,224.99
4/13/2020,218.23
4/14/2020,221.84
4/15/2020,211.47
4/16/2020,209.24
4/17/2020,223.59
4/20/2020,214.13
4/21/2020,204.3
4/22/2020,213.69
4/23/2020,218.61
4/24/2020,222.62
4/27/2020,232.26
4/28/2020,235.59
4/29/2020,247.95
4/30/2020,241.25
5/1/2020,232.83
5/4/2020,231.75
5/5/2020,236.07
5/6/2020,240.57
5/7/2020,248.74
5/8/2020,240
5/11/2020,236.9
5/12/2020,228.46
5/13/2020,215.15
5/14/2020,221.52
5/15/2020,222.54
5/18/2020,237.77
5/19/2020,233.88
5/20/2020,240.59
5/21/2020,239.84
5/22/2020,239.25
5/26/2020,247.91
5/27/2020,249.96
5/28/2020,247.45
5/29/2020,243.79
6/1/2020,246.43
6/2/2020,249.89
6/3/2020,256.72
6/4/2020,257.31
6/5/2020,282.43
6/8/2020,277.12
6/9/2020,276.61
6/10/2020,273.27
6/11/2020,256.42
6/12/2020,258.99
6/15/2020,258.73
6/16/2020,262.41
6/17/2020,258.25
6/18/2020,261.33
6/19/2020,264.32
6/22/2020,264.35
6/23/2020,263.92
6/24/2020,246.39
6/25/2020,246.89
6/26/2020,238.52
6/29/2020,246.15
6/30/2020,251.53
7/1/2020,254.69
7/2/2020,254.84
7/6/2020,256.19
7/7/2020,252.77
7/8/2020,253.64
7/9/2020,253.33
7/10/2020,253.01
7/13/2020,248.3
7/14/2020,249.1
7/15/2020,265.79
7/16/2020,260.29
7/17/2020,259.07
7/20/2020,259.45
7/21/2020,258.16
7/22/2020,262.18
7/23/2020,259.34
7/24/2020,258.08
7/27/2020,258.48
7/28/2020,256.22
7/29/2020,264.76
7/30/2020,259.49
7/31/2020,258.57
8/3/2020,263.21
8/4/2020,258.54
8/5/2020,265.29
8/6/2020,263
8/7/2020,240.61
8/10/2020,236.4
8/11/2020,234.76
8/12/2020,230.57
8/13/2020,234.63
8/14/2020,240.28
8/17/2020,245.44
8/18/2020,243.7
8/19/2020,244.87
8/20/2020,241.21
8/21/2020,238.67
8/24/2020,240.09
8/25/2020,242.35
8/26/2020,244.8
8/27/2020,248
8/28/2020,255
8/31/2020,251.45
9/1/2020,249.99
9/2/2020,253.65
9/3/2020,246.16
9/4/2020,238.04
9/8/2020,231.91
9/9/2020,234.96
9/10/2020,233.21
9/11/2020,231
9/14/2020,235.04
9/15/2020,232.32
9/16/2020,234.49
9/17/2020,235.93
9/18/2020,241.86
9/21/2020,235.44
9/22/2020,236.04
9/23/2020,234
9/24/2020,233.6
9/25/2020,236.91
9/28/2020,241.71
9/29/2020,240.75
9/30/2020,238.1
10/1/2020,237.18
10/2/2020,234.46
10/5/2020,238.92
10/6/2020,238.94
10/7/2020,240.9
10/8/2020,245.12
10/9/2020,247.11
10/12/2020,251.2
10/13/2020,248.76
10/14/2020,250.19
10/15/2020,246.51
10/16/2020,249.59
10/19/2020,241.55
10/20/2020,242.83
10/21/2020,248.28
10/22/2020,256.84
10/23/2020,259.2
10/26/2020,241.21
10/27/2020,231.69
10/28/2020,221.62
10/29/2020,219.41
10/30/2020,220.91
11/2/2020,230.53
11/3/2020,235.14
11/4/2020,237.19
11/5/2020,240
11/6/2020,232.11
11/9/2020,269.12
11/10/2020,279.03
11/11/2020,266.37
11/12/2020,260.35
11/13/2020,260.3
11/16/2020,265.11
11/17/2020,267.99
11/18/2020,262.62
11/19/2020,260.28
11/20/2020,253.93
11/23/2020,254.66
11/24/2020,267.06
11/25/2020,269.69
11/27/2020,267.6
11/30/2020,265.21
12/1/2020,267.26
12/2/2020,263.81
12/3/2020,262.23
12/4/2020,268.05
12/7/2020,273.62
12/8/2020,268.31
12/9/2020,267.06
12/10/2020,273.39
12/11/2020,273.68
12/14/2020,271.16
12/15/2020,275.94
12/16/2020,279.73
12/17/2020,282.01
12/18/2020,279.47
12/21/2020,271.85
12/22/2020,269.46
12/23/2020,269.65
12/24/2020,270.49
12/28/2020,273.44
12/29/2020,271.2
12/30/2020,270.03